index,Mol_Name,RMSD_Align,RMSD_NotAlign
0,NaN,0.6661093347908585,1.7032691013398167
